,acc,loss,val_acc,val_loss
0,0.7229620007076368,0.5475000104140678,0.8333333333333334,0.40522217750549316
