,acc,loss,val_acc,val_loss
0,0.6865865541147156,0.5744340528466942,0.6536458333333334,0.5838166872660319
