,acc,loss,val_acc,val_loss
0,0.6791165963168576,0.5793267454989508,0.6770833333333334,0.6177951097488403
