,val_loss,val_accuracy,loss,accuracy
0,0.5509742299715678,0.6614583134651184,0.6337663841038488,0.635595977306366
