epoch,Training Loss,Valid. Loss,Training Accur.,Valid. Accur.,Training Time,Validation Time
1,0.17181117011375552,0.7682231029397563,0.07397380363036303,0.8198831753095975,0:00:17,0:00:11
