epoch,Training Loss,Valid. Loss,Training Accur.,Valid. Accur.,Training Time,Validation Time
1,0.5684265144773432,0.4566881238146031,0.8195128802158036,0.8196292346772518,0:02:24,0:00:11
