,val_loss,val_accuracy,loss,accuracy
0,0.4913515565945552,0.7578595280647278,0.38020526876603405,0.8301127552986145
1,0.4980360680080975,0.7689632177352905,0.31743037922856715,0.8610082864761353
