,val_loss,val_accuracy,loss,accuracy
0,0.5626863703360925,0.7092976570129395,0.4405433275375214,0.7937593460083008
