,val_loss,val_accuracy,loss,accuracy
0,0.5284923172714718,0.7364548444747925,0.42484053292472035,0.8029899001121521
1,0.5639548471859067,0.7404682040214539,0.3150603898139535,0.8637853860855103
