epoch,Training Loss,Valid. Loss,Training Accur.,Valid. Accur.,Training Time,Validation Time
1,0.21891975422810897,0.016820272569786635,0.932394801980198,0.9969161184210527,0:02:51,0:00:16
